ColumnCode,Topic,Question,Score,Relevant,Comments,
_STATE,Identification,State FIPS Code,joint,D,,
FMONTH,Month,Month,joint,D,,
IDATE,#N/A,#N/A,#N/A,D,,
IMONTH,#N/A,#N/A,#N/A,D,,
IDAY,#N/A,#N/A,#N/A,D,,
IYEAR,#N/A,#N/A,#N/A,D,,
DISPCODE,Disposition Code,,1100 completed,X,only completed Interviews will be kept,
SEQNO,#N/A,#N/A,#N/A,,,
_PSU,#N/A,#N/A,#N/A,,,
CTELENUM,#N/A,#N/A,#N/A,,,
PVTRESD1,#N/A,#N/A,#N/A,,,
COLGHOUS,#N/A,,#N/A,,,
STATERES,#N/A,#N/A,#N/A,,,
CELLFON3,#N/A,#N/A,#N/A,,,
LADULT,#N/A,#N/A,#N/A,,,
NUMADULT,Demographics,"How many members of your household, including yourself, are 18 years of age or older?",__ __=Number of adults,,,
NUMMEN,Demographics,"Of the members of your household 18 years of age or older, how many are men?",__ __=Number of men,,,
NUMWOMEN,Demographics,"Of the members of your household 18 years of age or older, how many are women?",__ __=Number of women,,,
CTELNUM1,#N/A,#N/A,#N/A,,,
CELLFON2,#N/A,#N/A,#N/A,,,
CADULT,#N/A,#N/A,#N/A,,,
PVTRESD2,#N/A,#N/A,#N/A,,,
CCLGHOUS,#N/A,#N/A,#N/A,,,
CSTATE,#N/A,#N/A,#N/A,,,
LANDLINE,#N/A,#N/A,#N/A,,,
HHADULT,#N/A,#N/A,#N/A,,,
GENHLTH,Health Status/Healthy Days,Would you say that in general your health is---,1=Excellent  2=Very good  3=Good  4=Fair  5=Poor  7=DK/NS  9=Refused,,"Remove 7,9",
PHYSHLTH,Health Status/Healthy Days,"Now thinking about your physical health, which includes physical illness and injury, for how many days during the past 30 days was your physical health not good? (Moved to Healthy Days in 2004)",__ __=Number of days  88=None  77=DK/NS  99=Refused,,"Remove 88, 77,99.",
MENTHLTH,Health Status/Healthy Days,"Now thinking about your mental health, which includes stress, depression, and problems with emotions, for how many days during the past 30 days was your mental health not good? (Moved to Healthy Days in 2004)",__ __=Number of days  88=None  77=DK/NS  99=Refused,Target,"132,972 3 btwn 1-30 Will leave as is, but we could also do binary using a threshold , or combine with outher answers see yellow below",
POORHLTH,Health Status/Healthy Days,"During the past 30 days, for about how many days did poor physical or mental health keep you from doing your usual activities, such as self-care, work, or recreation? (Moved to Healthy Days in 2004)",__ __=Number of days  88=None  77=DK/NS  99=Refused,,,
HLTHPLN1,Health Care Access,"Do you have any kind of health care coverage, including health insurance, prepaid plans such as HMOs, or government plans such as Medicare, or Indian Health Service?",1=Yes 2=No 7=DK/NS 9=Refused,ML,Combine Responses into 1= Poor Access/No Access 2= Access,
PERSDOC2,Health Care Coverage/Access,"Do you have one person you think of as your personal doctor or health care provider? (If ""No"" ask ""Is there more than one or is there no person who you think of?"").","1=Yes, only one  2=More than one  3=No  7=DK/NS  9=Refused",,,
MEDCOST,Health Care Coverage/Access,"Was there a time during the past 12 months when you needed to see a doctor, but could not because of the cost?",1=Yes  2=No  7=DK/NS  9=Refused,,,
CHECKUP1,Health Care Coverage/Access,"About how long has it been since you last visited a doctor for a routine checkup? A routine checkup is a general physical exam, not an exam for a specific injury, illness, or condition. (Variable name change)",1=Within past year (anytime less than 12 months ago)  2=Within past 2 years (1 year but less than 2 years ago)  3=Within past 5 years (2 years but less than 5 years ago)   4=5 or more years ago  7=DK/NS  8=Never  9=Refused,,,
BPHIGH4,Hypertension (Awareness),"Have you ever been told by a doctor, nurse, or other health professional that you have high blood pressure? (If ""Yes"" and respondent is female, ask ""Was this only when you were pregnant?"").","1=Yes  2=Yes, but female told only during pregnancy  3=No  4=Told borderline high or pre-hypertensive  7=DK/NS  9=Refused",ML,Combine Responses,
BPMEDS,Hypertension (Awareness),Are you currently taking medicine for your high blood pressure?,1=Yes  2=No  7=DK/NS  9=Refused,?,,
BLOODCHO,Cholesterol (Awareness),Blood cholesterol is a fatty substance found in the blood.  Have you ever had your blood cholesterol checked?,1=Yes  2=No  7=DK/NS  9=Refused,,"If time, add a column with continuous check ups. 1= Good else = no checkips",
CHOLCHK,Cholesterol (Awareness),About how long has it been since you last had your blood cholesterol checked?,1=Within the past year (anytime less than 12 months ago)  2=Within the past 2 years (1 year but less than 2 years ago)  3=Within the past 5 years (2 years but less than 5 years ago)  4=5 or more years ago  7=DK/NS  9=Refused,,"If time, add a column with continuous check ups. 1= Good else = no checkips",
TOLDHI2,Cholesterol (Awareness),"Have you ever been told by a doctor, nurse or other health professional that your blood cholesterol is high?  (Change in variable name.)",1=Yes  2=No  7=DK/NS  9=Refused,ML,"Remove 7,9",
CVDINFR4,Cardiovascular Disease/Heart Attack and Stroke,"[Prologue: Now I would like to ask you some questions about cardiovascular disease]. Has a doctor, nurse, or other health professional EVER told you that you had any of the following? For each, tell me ""Yes"", ""No"", or you're ""Not sure"".     (Ever told) you had a heart attack, also called a myocardial infarction? (Variable name change)",1=Yes   2=No   7=DK/NS   9=Refused,ML,,
CVDCRHD4,Cardiovascular Disease/Heart Attack and Stroke,"[Prologue: Now I would like to ask you some questions about cardiovascular disease]. Has a doctor, nurse, or other health professional EVER told you that you had any of the following? For each, tell me ""Yes"", ""No"", or you're ""Not sure"".  (Ever told) you had angina or coronary heart disease? (Variable name change)",1=Yes   2=No   7=DK/NS   9=Refused,ML,,
CVDSTRK3,Cardiovascular Disease/Heart Attack and Stroke,"[Prologue: Now I would like to ask you some questions about cardiovascular disease]. Has a doctor, nurse, or other health professional EVER told you that you had any of the following? For each, tell me ""Yes"", ""No"", or you're ""Not sure"". (Ever told) you had a stroke?",1=Yes   2=No   7=DK/NS   9=Refused,ML,,
ASTHMA3,Chronic Health Conditions,(Ever told) you had asthma?,1=Yes 2=No 7=DK/NS 9=Refused,,,
ASTHNOW,Asthma/Adult Asthma History,Do you still have asthma?,1=Yes  2=No  7=DK/NS  9=Refused,,,
CHCSCNCR,Chronic Health Conditions,(Ever told) you had skin cancer?,1=Yes 2=No 7=DK / Not sure 9=Refused,ML,,
CHCOCNCR,Chronic Health Conditions,(Ever told) you had any other types of cancer?,1=Yes 2=No 7=DK / Not sure 9=Refused,ML,,
CHCCOPD1,Chronic Health Conditions,"(Ever told) you have Chronic Obstructive Pulmonary Disease or COPD, emphysema or chronic bronchitis?",1=Yes 2=No 7=DK / Not sure 9=Refused,ML,,
HAVARTH3,Chronic Health Conditions,"(Ever told) you have some form of arthritis, rheumatoid arthritis, gout, lupus, or fibromyalgia?",1=Yes 2=No 7=DK/NS 9=Refused,ML,,
ADDEPEV2,Chronic Health Conditions,"(Ever told) you that you have a depressive disorder, including depression, major depression, dysthymia, or minor depression?",1=Yes 2=No 7=DK/Not sure 9=Refused,,83000 yes,
CHCKIDNY,Chronic Health Conditions,"(Ever told) you have kidney disease? Do NOT include kidney stones, bladder infection or incontinence.",1=Yes 2=No 7=DK / Not sure 9=Refused,ML,,
DIABETE3,Chronic Health Conditions,(Ever told) you have diabetes,"1=Yes 2=Yes, but female told only during pregnancy 3=No 4=No, pre-diabetes or borderline diabetes 7=DK/NS 9=Refused",ML,Clean 1= Yes else No,
DIABAGE2,Diabetes,How old were you when you were told you have diabetes?  (Variable name change),_ _=Age in years [97=97 and older]  9 8=DK/NS  9 9=Refused,,,
SEX,Demographics,Indicate sex of respondent. (Ask only if necessary.),1=Male  2=Female,"D,ML",,
MARITAL,Demographics,Are you: (marital status),1=Married  2=Divorced  3=Widowed  4=Separated  5=Never married  6=A member of an unmarried couple  9=Refused,ML,,
EDUCA,Demographics,What is the highest grade or year of school you completed?,1=Never attended school or only attended kindergarten  2=Grades 1 through 8 (Elementary)  3=Grades 9 through 11 (Some high school)  4=Grade 12 or GED (High school graduate)  5=College 1 year to 3 years (Some college or technical school)  6=College 4 years,ML,,
RENTHOM1,Social Context,"[Prologue: There are many different factors that can affect a person's health. I'm going to ask you about several factors that can affect a person's health.] Do you own or rent your home? (Note: ""Other arrangement"" may include group home or staying with friends or family without paying rent.)",1=Own  2=Rent  3=Other arrangement  7=DK/NS  9=Refused,ML,,
NUMHHOL2,Demographics,Do you have more than one telephone number in your household?  Do not include cell phones or numbers that are only used by a computer or fax machine.,1=Yes  2=No  7=DK/NS  9=Refused,,,
NUMPHON2,Demographics,How many of these are residential numbers?,_=Residential telephone numbers[6=6 or more]  7=DK/NS  9=Refused,,,
CPDEMO1,Cell Phone,Do you have a cell phone for personal use? Please include cell phones used for both business and personal use.,1=Yes  2=No  7=DK/NS  9=Refused,,,
VETERAN3,Demographics,"Have you ever served on active duty in the United States Armed Forces, either in the regular military or in a National Guard or military reserve unit?",1=Yes 2=No 7=DK/NS 9=Refused,ML,,
EMPLOY1,Demographics,Are you currently…?,1=Employed for wages 2=Self-employed 3=Out of work for 1 year or more 4=Out of work for less that 1 year 5=A homemaker 6=A student 7=Retired 8=Unable to work 9=Refused,ML,,
CHILDREN,Demographics,How many children less than 18 years of age live in your household?,_ _=Number of children  8 8=None  9 9=Refused,ML,,
INCOME2,Demographics,Is your annual household income from all sources:,"04=Less than $25,000   ($20,000 to less than $25,000)   03=Less than $20,000   ($15,000 to less than $20,000)   02=Less than $15,000   ($10,000 to less than $15,000)   01=Less than $10,000   05=Less than $35,000   ($25,000 to less than $35,000)   06=Less",ML,,
INTERNET,Demographics,Have you used the internet in the past 30 days?,1=Yes 2=No 7=DK/NS 9=Refused,ML,,
WEIGHT2,Demographics,"About how much do you weigh without shoes? (Note: If respondent answers in metrics, put a ""9"" in first column)[Round fractions up]",_ _ _ _=Weight (pounds/kilograms)  7 7 7 7=DK/NS  9 9 9 9=Refused,ML,Could convertt bMI,
HEIGHT3,Demographics,"About how tall are you without shoes? (Note: If respondent answers in metrics, put a ""9"" in first column)[Round fractions down.] (variable name change)",_ _/_ _=Height (ft/inches/centimeters)  7 7 7 7=DK/NS  9 9 9 9=Refused,ML,,
PREGNANT,Demographics,"To your knowledge, are you now pregnant?   (Note: This question was previously in the Women's Health section. This question was only asked of female respondents.)",1=Yes  2=No  7=DK/NS  9=Refused,,,
QLACTLM2,Activity Limitations/Disability,"[Prologue: The following questions are about health problems or impairments you may have.] Are you limited in any way in any activities because of physical, mental, or emotional problems?",1=Yes  2=No  7=DK/NS  9=Refused,ML,,
USEEQUIP,Quality Of Life/Healthy Days (Symptoms)/Disability,"[Prologue] Do you now have any health problem that requires you to use special equipment, such as a cane, a wheelchair, a special bed, or a special telephone? Include occasional use or use in certain circumstances.",1=Yes  2=No  7=DK/NS  9=Refused,ML,,
BLIND,Demographics,"Are you blind or do you have serious difficulty seeing, even when wearing glasses?",1=Yes 2=No 7=DK/NS 9=Refused,ML,,
DECIDE,Demographics,"Because of a physical, mental, or emotional condition, do you have serious difficulty concentrating, remembering, or making decisions?",1=Yes 2=No 7=DK/NS 9=Refused,ML,,
DIFFWALK,Demographics,Do you have serious difficulty walking or climbing stairs?,1=Yes 2=No 7=DK/NS 9=Refused,ML,,
DIFFDRES,Demographics,Do you have difficulty dressing or bathing?,1=Yes 2=No 7=DK/NS 9=Refused,ML,,
DIFFALON,Demographics,"Because of a physical, mental, or emotional condition, do you have difficulty doing errands alone such as visiting a doctor’s office or shopping?",1=Yes 2=No 7=DK/NS 9=Refused,ML,,
SMOKE100,Tobacco Use/Smoking Cessation/Secondhand Smoke,Have you smoked at least 100 cigarettes in your entire life? [Note: 5 packs = 100 cigarettes],1=Yes  2=No  7=DK/NS  9=Refused,ML,Combine,
SMOKDAY2,Tobacco Use/Smoking Cessation/Secondhand Smoke,"Do you now smoke cigarettes every day, some days, or not at all?",1=Every day  2=Some days  3=Not at all  7=DK/NS  9=Refused,,,
STOPSMK2,Tobacco Use/Smoking Cessation/Secondhand Smoke,"During the past 12 months, have you stopped smoking for one day or longer because you were trying to quit smoking?",1=Yes  2=No  7=DK/NS  9=Refused,,,
LASTSMK2,Tobacco Use,"How long has it been since you last smoked a cigarette, even one or two puffs?",1=Within the past month (less than 1 month ago) 2=Within the past 3 months (1 month but less than 3 months ago) 3=Within the past 6 months (3 months but less than 6 months ago) 4=Within the past year (6 months but less than 1 year ago) 5=Within the past 5,,,
USENOW3,Tobacco Use/Smoking Cessation/Secondhand Smoke,"Do you currently use chewing tobacco, snuff, or snus every day, some days, or not at all? Note: Snus (Swedish for snuff) is a moist smokeless tobacco, usually sold in small pouches that are placed under the lip against the gum.",1=Every day  2=Some days  3=Not at all  7=DK/NS  9=Refused,,,
ALCDAY5,Alcohol Consumption,"During the past 30 days, how many days per week or per month did you have at least one drink of any alcoholic beverage such as beer, wine, a malt beverage or liquor?",101-199=Days per week 201-299=Days in past 30 days 888=No drinks in past 30 days 777=DK/Not sure 999=Refused,ML,Combine,
AVEDRNK2,Alcohol Consumption,"One drink is equivalent to a 12-ounce beer, a 5-ounce glass of wine, or a drink with one shot of liquor. During the past 30 days, on the days when you drank, about how many drinks did you drink on the average? (Note: A 40 ounce beer would count as 3 drinks, or a cocktail drink with 2 shots would count as 2 drinks.)",_ _=Number of drinks  7 7=DK/NS  9 9=Refused,,,
DRNK3GE5,Alcohol Consumption,"Considering all types of alcoholic beverages, how many times during the past 30 days did you have X [CATI X = 5 for men, X = 4 for women] or more drinks on an occasion?",_ _=Number of times  8 8=None  7 7=DK/NS  9 9=Refused,,,
MAXDRNKS,Alcohol Consumption,"During the past 30 days, what is the largest number of drinks you had on any occasion?",_ _ =Number of drinks  7 7 =DK/NS  9 9 =Refused,,,
FRUITJU1,Fruits & Vegetables,"During the past month, how many times per day, week or month did you drink 100% PURE fruit juices? Do not include fruit-flavored drinks with added sugar or fruit juice you made at home and added sugar to. Only include 100% juice.",101-199=Per day 201-299=Per week 301-399=Per month 300=Less than one time per month 555=Never 777=DK/Not sure 999=Refused,ML,Combine Fruit and Vegetable Consumption:,
FRUIT1,Fruits & Vegetables,"During the past month, not counting juice, how many times per day, week, or month did you eat fruit? Count fresh, frozen, or canned fruit.",101-199=Per day 201-299=Per week 301-399=Per month 300=Less than one time per month 555=Never 777=DK/Not sure 999=Refused,,,
FVBEANS,Fruits & Vegetables,"During the past month, how many times per day, week, or month did you eat cooked or canned beans, such as refried, baked, black, garbanzo beans, beans in soup, soybeans, edamame, tofu or lentils. Do NOT include long green beans.",101-199=Per day 201-299=Per week 301-399=Per month 300=Less than one time per month 555=Never 777=DK/Not sure 999=Refused,,,
FVGREEN,Fruits & Vegetables,"During the past month, how many times per day, week, or month did you eat dark green vegetables for example broccoli or dark leafy greens including romaine, chard, collard greens or spinach?",101-199=Per day 201-299=Per week 301-399=Per month 300=Less than one time per month 555=Never 777=DK/Not sure 999=Refused,,,
FVORANG,Fruits & Vegetables,"During the past month, how many times per day, week, or month did you eat orange-colored vegetables such as sweet potatoes, pumpkin, winter squash, or carrots?",101-199=Per day 201-299=Per week 301-399=Per month 300=Less than one time per month 555=Never 777=DK/Not sure 999=Refused,,,
VEGETAB1,Fruits & Vegetables,"Not counting what you just told me about, during the past month, about how many times per day, week, or month did you eat OTHER vegetables? Examples of other vegetables include tomatoes, tomato juice or V-8 juice, corn, eggplant, peas, lettuce, cabbage, a",101-199=Servings per day 201-299=Servings per week 301-399=Servings per month 300=Less than one time per month 555=Never 777=DK/Not sure 999=Refused,,,
EXERANY2,Exercise/Physical Activity,"During the past month, other than your regular job, did you participate in any physical activities or exercises such as running, calisthenics, golf, gardening, or walking for exercise?",1=Yes  2=No  7=DK/NS  9=Refused,,,
EXRACT11,Exercise (Physical Activity),What type of physical activity or exercise did you spend the most time doing during the past month?,"1=Active Gaming Devices (Wii Fit, Dance, Dance revolution) 2=Aerobics video or class 3=Backpacking 4=Badminton 5=Basketball 6=Bicycling machine exercise 7=Bicycling 8=Boating (Canoeing, rowing, kayaking, sailing for pleasure or camping) 9=Bowling 10=Boxin",,,
EXEROFT1,Exercise/Physical Activity,[How far did you usually walk/run/jog/swim? (first activity)]  How many times per week or per month did you take part in this activity during the past month?,1_ _=Number of times/week  2_ _=Number of times/month  777=DK/NS  999=Refused,,,
EXERHMM1,Exercise/Physical Activity,"[How far did you usually walk/run/jog/swim? (first activity)]  And when you took part in this activity, for how many minutes or hours did you usually keep at it?",__:__ __=Hours & minutes  777=DK/NS  999=Refused,,,
EXRACT21,Exercise (Physical Activity),What other type of physical activity gave you the next most exercise during the past month?,"1=Active Gaming Devices (Wii Fit, Dance, Dance revolution) 2=Aerobics video or class 3=Backpacking 4=Badminton 5=Basketball 6=Bicycling machine exercise 7=Bicycling 8=Boating (Canoeing, rowing, kayaking, sailing for pleasure or camping) 9=Bowling 10=Boxin",,,
EXEROFT2,Exercise/Physical Activity,[How far did you usually walk/run/jog/swim? (second activity)]How many times per week or per month did you take part in this activity?,1_ _=Number of times/week  2_ _=Number of times/month  777=DK  999=Refused,,,
EXERHMM2,Exercise/Physical Activity,"[How far did you usually walk/run/jog/swim?  (second activity)]  And when you took part in this activity, for how many minutes or hours did you usually keep at it?",__:__ __=Hours & minutes  777=DK/NS  999=Refused,,,
STRENGTH,Exercise (Physical Activity),"During the past month, how many times per week or per month did you do physical activities or exercises to STRENGTHEN your muscles?",101-199=Times per week 201-299=Times per month 888=Never 777=DK / Not sure 999=Refused,,,
LMTJOIN3,Arthritis Burden,Are you now limited in any way in any of your usual activities because of arthritis or joint symptoms?,1=Yes 2=No 7=DK/Not sure 9=Refused,ML,Combine,
ARTHDIS2,Arthritis (Arthritis Management/Burden),"In this next question, we are referring to work for pay. Do arthritis or joint symptoms now affect whether you work, the type of work you do, or the amount of work you do? [Note: If respondent gives an answer to each issue (whether works, type of work, or amount of work), then if any issue is ""yes"" mark the overall response as ""yes."" If a question arises about medications or treatment, then the interviewer should say: ""Please answer the question based on your current experience, regardless of whether you are taking any medication or treatment.""]",1=Yes  2=No  7=DK/NS  9=Refused,,,
ARTHSOCL,Arthritis (Arthritis Management/Burden),"[Prologue] During the past 30 days, to what extent has your arthritis or joint symptoms interfered with your normal social activities, such as going shopping, to the movies, or to religious or social gatherings? (Note: If a question arises about medications or treatment, then the interviewer should say: ""Please answer the question based on your current experience, regardless of whether you are taking any medications or treatment.""",1=A lot  2=A little  3=Not at all  7=DK/NS  9=Refused,,,
JOINPAIN,Arthritis (Arthritis Management/Burden),"[Prologue] Please taking about the past 30 days, keeping in mind all of your joint pain or aching and whether or not you have taken medication. DURING THE PAST 30 DAYS, how bad was your joint pain ON AVERAGE? Please answer on a scale of 0 to 10 where 0 is no pain or aching and 10 is pain or aching as bad as it can be.",_ _=Enter number [00-10]  7 7=DK/NS  9 9=Refused,,,
SEATBELT,Injury/Residential Fire/Firearms/Seatbelt Use,How often do you use seat belts when you drive or ride in a car?,1=Always  2=Nearly always  3=Sometimes  4=Seldom  5=Never  7=DK/NS  8=Never drive or ride in a car  9=Refused,,,
FLUSHOT6,Immunization,"During the past 12 months, have you had either a flu shot or a flu vaccine that was sprayed in your nose?",1=Yes 2=No 7=DK/NS 9=Refused,,,
FLSHTMY2,Immunization,During what month and year did you receive your most recent flu shot injected into your arm or flu vaccine that was sprayed in your nose?,12007-122008=Month / Year 777777=DK/NS 999999=Refused,,,
IMFVPLAC,Immunization,At what kind of place did you get your last flu shot/vaccine?,"1=A doctor´s office or health maintenance organization (HMO) 2=A health department 3=Another type of clinic or health center (Example: a community health center) 4=A senior, recreation, or community center 5=A store (Examples: supermarket, drug store) 6=A",,,
PNEUVAC3,Immunization/Influenza,A pneumonia shot or pneumococcal vaccine is usually given only once or twice in a person's lifetime and is different from the flu shot. Have you ever had a pneumonia shot?,1=Yes  2=No  7=DK/NS  9=Refused,,,
HIVTST6,HIV/AIDS,Have you ever been tested for HIV?  Do not count tests you may have had as part of a blood donation. Include testing fluid from your mouth.,1=Yes 2=No 7=DK/NS 9=Refused,,,
HIVTSTD3,HIV/AIDS,"Not including blood donations, in what month and year was your last HIV test?",11985-122008=Code month and year 771985-772008=Unknown month and known year 777777=DK/Not sure 999999=Refused,,,
WHRTST10,HIV/AIDS,"Where did you have your last HIV test — at a private doctor or HMO office, at a counseling and testing site, in the emergency room, as an inpatient in a hospital, at a clinic, in a jail or prison, at a drug treatment facility, at home, or somewhere else?",01=Private doctor or HMO 02=Counseling and testing site 03=Hospital inpatient 04=Clinic 05=Jail or prison (or other correctional facility) 06=Drug treatment facility 07=At home 08=Somewhere else 09=Emergency room 77=DK/Not sure 99=Refused,,,
PDIABTST,Pre-Diabetes,Have you had a test for high blood sugar or diabetes within the past three years?,1=Yes  2=No  7=DK/NS  9=Refused,,,
PREDIAB1,Pre-Diabetes,"Have you ever been told by a doctor or other health professional that you have pre-diabetes or borderline diabetes? If ""Yes"" and respondent is female, ask: ""Was this only when you were pregnant""? (Variable name change)","1=Yes  2=Yes, during pregnancy  3=No  7=DK/NS  9=Refused",ML,,
INSULIN,Diabetes,Are you now taking insulin?,1=Yes  2=No  9=Refused,ML,,
BLDSUGAR,Diabetes,"About how often do you check your blood for glucose or sugar?  Include times when checked by a family member or friend, but do not include times when checked by a health professional.",1_ _ =Times per day  2_ _ =Times per week  3_ _ =Times per month  4_ _ =Times per year  8 8 8=Never  7 7 7=DK/NS  9 9 9=Refused,,,
FEETCHK2,Diabetes,"About how often do you check your feet for any sores or irritations?  Include times when checked by a family member or friend, but do NOT include times when checked by a health professional.",1_ _ =Times per day  2_ _ =Times per week  3_ _ =Times per month  4_ _ =Times per year  5 5 5=No feet  8 8 8=Never  7 7 7=DK/NS  9 9 9=Refused,,,
DOCTDIAB,Diabetes,"About how many times in the past 12 months have you seen a doctor, nurse, or other health professional for your diabetes?",_ _ =Number of times [76=76 or more]  8 8 =None  7 7 =DK/NS  9 9 =Refused,,,
CHKHEMO3,Diabetes,"A test for ""A one C"" measures the average level of blood sugar over the past three months.  About how many times in the past 12 months has a doctor, nurse, or other health professional checked you for ""A one C""?","__ __=Number of times [76=76 or more]  88=None  98=Never heard of ""A one C"" test  77=DK/NS  99=Refused",,,
FEETCHK,Diabetes,About how many times in the past 12 months has a health professional checked your feet for any sores or irritations?,_ _=Number of times [76=76 or more]  8 8=None   7 7=DK/NS   9 9=Refused,,,
EYEEXAM,Diabetes,When was the last time you had an eye exam in which the pupils were dilated? This would have made you temporarily sensitive to bright light.,1=Within the past month (anytime less than 1 month ago)  2=Within the past year (1 month but less than 12 months ago)  3=Within the past 2 years (1 year but less than 2 years ago)  4=2 or more years ago  8=Never  7=DK/NS  9=Refused,,,
DIABEYE,Diabetes,Has a doctor ever told you that diabetes has affected your eyes or that you had retinopathy?,1=Yes  2=No  7=DK/NS  9=Refused,,,
DIABEDU,Diabetes,Have  you ever taken a course or class in how to manage your diabetes yourself?,1=Yes  2=No  7=DK/NS  9=Refused,,,
PAINACT2,Quality Of Life/Healthy Days (Symptoms)/Disability,"[Prologue: The next few questions are about health-related problems or symptoms.] During the past 30 days, for about how many days did pain make it hard for you to do your usual activities, such as self-care, work, or recreation?  (Variable name change)",_ _ =Number of days  8 8=None  7 7=DK/NS  9 9=Refused,ML,,
QLMENTL2,Quality Of Life/Healthy Days (Symptoms)/Disability,"[Prologue] During the past 30 days, for about how many days have you felt sad, blue, or depressed?  (Screened for physical, mental, emotional problems or use of special equipment because of a health problem.)",_ _=Number of days  8 8=None  7 7=DK/NS  9 9=Refused,ML,,
QLSTRES2,Quality Of Life/Healthy Days (Symptoms)/Disability,"[Prologue] During the past 30 days, for about how many days have you felt worried, tense, or anxious?  (Screened for physical, mental, emotional problems or use of special equipment because of a health problem.)",_ _=Number of days  8 8=None  7 7=DK/NS  9 9=Refused,ML,,
QLHLTH2,Quality Of Life/Healthy Days (Symptoms)/Disability,"[Prologue] During the past 30 days, for about how many days have you felt very healthy and full of energy?  (Screened for physical, mental, emotional problems or use of special equipment because of a health problem.)",_ _=Number of days  8 8=None  7 7=DK/NS  9 9=Refused,ML,,
CAREGIV1,Caregiver,"During the past 30 days, did you provide regular care or assistance to a friend or family member who has a health problem or disability?",1=Yes 2=No 7=Don’t know/Not Sure 8=Caregiving recipient died in past 30 days 9=Refused,ML?,Coul exclude ? But I think it deinitely impacts well being Caregiver 0= Full Time 1 Part Time 2 no Time,
CRGVREL1,Caregiver,What is his/her relationship to you? For example is he/she your (mother/daughter or father/son)?,1=Mother 2=Father 3=Mother-in-law 4=Father-in-law 5=Child 6=Husband 7=Wife 8=Same-sex partner 9=Brother or brother-in-law 10=Sister or sister-in-law 11=Grandmother 12=Grandfather 13=Grandchild 14=Other relative 15=Non-relative/Family friend 77=Don’t know/Not Sure 99=Refused,,,
CRGVLNG1,Caregiver,For how long have you provided care for that person? Would you say…,1=Less than 30 days 2=1 month to less than 6 months 3=6 months to less than 2 years 4=2 years to less than 5 years 5=More than 5 years 7=Don’t know/Not sure 9=Refused,,,
CRGVHRS1,Caregiver,"In an average week, how many hours do you provide care or assistance? Would you say…",1=Up to 8 hours per week 2=9 to 19 hours per week 3=20 to 39 hours per week 4=40 hours or more 7=Don’t know/Not sure 9=Refused,,,
CRGVPRB1,Caregiver,"What is the main health problem, long-term illness, or disability that the person you care for has?","1=Arthritis/Rheumatism 2=Asthma 3=Cancer 4=Chronic respiratory conditions such as Emphysema or COPD 5=Dementia and other Cognitive Impairment Disorders 6=Developmental Disabilities such as Autism, Down's Syndrome, and Spina Bifida 7=Diabetes 8=Heart Disease, Hypertension 9=Human Immunodeficiency Virus Infection (HIV) 10=Mental Illnesses, such as Anxiety, Depression, or Schizophrenia 11=Other organ failure or diseases such as kidney or liver problems 12=Substance Abuse or Addiction Disorders 13=Other 77=Don’t know/Not Sure 99=Refused",,,
CRGVPERS,Caregiver,"…Managing personal care such as giving medications, feeding, dressing, or bathing?",1=Yes 2=No 7=Don’t know/Not Sure 9=Refused,,,
CRGVHOUS,Caregiver,"…Managing household tasks such as cleaning, managing money, or preparing meals?",1=Yes 2=No 7=Don’t know/Not Sure 9=Refused,,,
CRGVMST2,Caregiving,"Of the following support services, which one do you MOST need, that you are not currently getting?","1=Classes about giving care, such as giving medications 2=Help in getting access to services 3=Support groups 4=Individual counseling to help cope with giving care 5=Respite care 6=You don’t need any of these support services 7=Don’t know/Not Sure 9=Refused",,,
CRGVEXPT,Caregiver,"In the next 2 years, do you expect to provide care or assistance to a friend or family member who has a health problem or disability?",1=Yes 2=No 7=Don’t know/Not Sure 9=Refused,,,
VIDFCLT2,Visual Impairment and Access to Eye Care,"[Prologue: Now, I would like to ask you questions about your vision. These questions are for all respondents regardless of whether or not you wear glasses or contact lenses. If you wear glasses or contact lenses, answer questions as if you are wearing them.] How much difficulty, if any, do you have in recognizing a friend across the street? Would you say--",1=No difficulty  2=A little difficulty  3=Moderate difficulty  4=Extreme difficulty  5=Unable to do because of eyesight  6=Unable to do for other reasons  7=DK/NS  8=Not applicable (Blind)  9=Refused,,,
VIREDIF3,Visual Impairment and Access to Eye Care,"How much difficulty, if any, do you have reading print in newspapers, magazines, recipes, menus, or numbers on the telephone?  Would you say—",1=No difficulty 2=A little difficulty 3=Moderate difficulty 4=Extreme difficulty 5=Unable to do because of eyesight 6=Unable to do for other reasons 7=DK/Not sure 9=Refused,,,
VIPRFVS2,Visual Impairment and Access to Eye Care,[Prologue] When was the last time you had your eyes examined by any doctor or eye care provider?,1=Within the past month (anytime less than 1 month ago)  2=Within the past year (1 month but less than 12 months ago)  3=Within the past 2 years (1 year but less than 2 years ago  4=2 or more years ago  5=Never  7=DK/NS  8=Not applicable (Blind)  9=Refuse,,,
VINOCRE2,Visual Impairment and Access to Eye Care,[Prologue] What is the main reason you have not visited an eye care professional in the past 12 months? (Variable name change),"01=Cost/insurance  02=Do not have/know an eye doctor  03=Cannot get to the office/clinic (too far away, no transportation)  04=Could not get an appointment  05=No reason to go (no problem)  06=Have not thought of it  07=Other  08=Not applicable (blind)  7",,,
VIEYEXM2,Visual Impairment and Access to Eye Care,[Prologue] When was the last time you had an eye exam in which the pupils were dilated? This would have made you temporiarly sensitive to bright light? (Variable name change),1=Within the past month (anytime less than 1 month ago)  2=Within the past year (1 month but less than 12 months ago)  3=Within the past 2 years (1 year but less than 2 years ago)  4=2 or more years ago  5=Never  7=DK/NS   8=Not applicable (Blind)  9=Refu,,,
VIINSUR2,Visual Impairment and Access to Eye Care,[Prologue] Do you have any kind of health insurance coverage for eye care? (Variable name change),1=Yes  2=No  7=DK/NS  8=Not applicable (Blind)  9=Refused,,,
VICTRCT4,Visual Impairment and Access to Eye Care,Have you been told by an eye doctor or other health care professional that you NOW have cataracts?,"1=Yes 2=No, I had them removed 3=No 7=DK/NS 8=Not applicable (Blind) 9=Refused",,,
VIGLUMA2,Visual Impairment and Access to Eye Care,[Prologue] Have you EVER been told by an eye doctor or other health care professional that you had glaucoma? (Variable name change),1=Yes  2=No  7=DK/NS  8=Not applicable (Blind)  9=Refused,,,
VIMACDG2,Visual Impairment and Access to Eye Care,"[Prologue: Age-related Macular Degeneration (AMD) is a disease that affects the macula, the part of the eye that allows you to see fine detail.] Have you EVER been told by an eye doctor or other health care professional that you had age-related macular degeneration?",1=Yes  2=No  7=DK/NS  8=Not applicable (Blind)  9=Refused,,,
CIMEMLOS,Cognitive Impairment,"During the past 12 months, have you experienced confusion or memory loss that is happening more often or is getting worse?",1=Yes 2=No 7=DK/Not sure 9=Refused,,,
CDHOUSE,Cognitive Decline,"During the past 12 months, as a result of confusion or memory loss, how often have you given up day-to-day household activities or chores you used to do, such as cooking, cleaning, taking medications, driving, or paying bills?",1=Always 2=Usually 3=Sometimes 4=Rarely 5=Never 7=Don’t know/Not sure 9=Refused,,,
CDASSIST,Cognitive Decline,"As a result of confusion or memory loss, how often do you need assistance with these day-to-day activities?",1=Always 2=Usually 3=Sometimes 4=Rarely 5=Never 7=Don’t know/Not sure 9=Refused,,,
CDHELP,Cognitive Decline,"When you need help with these day-to-day activities, how often are you able to get the help that you need?",1=Always 2=Usually 3=Sometimes 4=Rarely 5=Never 7=Don’t know/Not sure 9=Refused,,,
CDSOCIAL,Cognitive Decline,"During the past 12 months, how often has confusion or memory loss interfered with your ability  to work, volunteer, or engage in social activities outside the home?",1=Always 2=Usually 3=Sometimes 4=Rarely 5=Never 7=Don’t know/Not sure 9=Refused,,,
CDDISCUS,Cognitive Decline,Have you or anyone else discussed your confusion or memory loss with a health care professional?,1=Yes 2=No 7=Don’t know/Not Sure 9=Refused,,,
WTCHSALT,Sodium or Salt-Related Behavior,Are you currently watching or reducing your sodium or salt intake?,1=Yes 2=No 7=DK/NS 9=Refused,,,
LONGWTCH,Sodium or Salt-Related Behavior,"How many days, weeks, months, or years have you been watching or reducing your sodium or salt intake?",101-199=Day(s) 201-299=Week(s) 301-399=Month(s) 401-499=Year(s) 555=All my life 777=DK/NS 999=Refused,,,
DRADVISE,Sodium or Salt-Related Behavior,Has a doctor or other health professional ever advised you to reduce sodium or salt intake?,1=Yes 2=No 7=DK/NS 9=Refused,,,
ASTHMAGE,Asthma/Adult Asthma History,"[Prologue: Previously you said you were told by a doctor, nurse, or other health professional that you had asthma.]  How old were you when you were first told by a doctor, nurse, or other health professional that you had asthma?",_ _=Age in years 11 or older [96=96 and older]  9 7=Age 10 or younger  9 8=DK/NS  9 9=Refused,,,
ASATTACK,Asthma/Adult Asthma History,"[Prologue] During the past 12 months, have you had an episode of asthma or an asthma attack?",1=Yes  2=No  7=DK/NS  9=Refused,,,
ASERVIST,Asthma/Adult Asthma History,"[Prologue] During the past 12 months, how many times did you visit an emergency room or urgent care center because of your asthma?",_ _=Number of visits [87=87 or more]  8 8=None  9 8=DK/NS  9 9=Refused,,,
ASDRVIST,Asthma/Adult Asthma History,"[If one or more visits to Q3, fill in ""Besides those emergency room visits,""] During the past 12 months, how many times did you see a doctor, nurse, or other health professional for urgent treatment of worsening asthma symptoms?",_ _=Number of visits [87=87 or more]  8 8=None  9 8=DK/NS  9 9=Refused,,,
ASRCHKUP,Asthma/Adult Asthma History,"[Prologue] During the past 12 months, how many times did you see a doctor, nurse, or other health professional for a routine checkup for your asthma?",_ _=Number of visits [87=87 or more]  8 8=None  9 8=DK/NS  9 9=Refused,,,
ASACTLIM,Asthma/Adult Asthma History,"[Prologue] During the past 12 months, how many days were you unable to work or carry out your usual activities because of your asthma?",_ _ _=Number of days  8 8 8=None  7 7 7=DK/NS  9 9 9=Refused,,,
ASYMPTOM,Asthma/Adult Asthma History,"[Prologue] Symptoms of asthma include cough, wheezing, shortness of breath, chest tightness and phlegm production when you don't have a cold or respiratory infection.  During the past 30 days, how often did you have any symptoms of asthma?  Would you say --","8=Not at any time  1=Less than once a week  2=Once or twice a week  3=More than 2 times a week, but not every day  4=Every day, but not all the time  5=Every day, all the time  7=DK/NS  9=Refused",,,
ASNOSLEP,Asthma/Adult Asthma History,"[Prologue] During the past 30 days, how many days did symptoms of asthma make it difficult for you to stay asleep? Would you say--",8=None  1=One or two  2=Three to four  3=Five  4=Six to ten  5=More than ten  7=DK/NS  9=Refused,,,
ASTHMED3,Asthma/Adult Asthma History,"[Prologue] During the past 30 days, how many days did you take a prescription asthma medication to PREVENT an asthma attack from occurring? (Variable name change)",8=Never  1=1 to 14 days  2=15 to 24 days  3=25 to 30 days  7=DK/NS  9=Refused,,,
ASINHALR,Asthma/Adult Asthma History,"[Prologue] During the past 30 days, how often did you use a prescription asthma inhaler DURING AN ASTHMA ATTACK to stop it? (Note: How often (number of times) does NOT equal number of puffs. Two to three puffs are usually taken each time the inhaler is used.)",8=Never (include no attack in past 30 days)  1=1 to 4 times (in the past 30 days)  2=5 to 14 times (in the past 30 days)  3=15 to 29 times (in the past 30 days)  4=30 to 59 times (in the past 30 days)  5=60 to 99 times (in the past 30 days)  6=100 or more,,,
HAREHAB1,Cardiovascular Disease/Heart Attack and Stroke,"[Prologue: I would like to ask you a few questions about your cardiovascular or heart health.] Following your heart attack, did you go to any kind of outpatient rehabilitation? This is sometimes called ""rehab.""",1=Yes  2=No  7=DK/NS  9=Refused,,,
STREHAB1,Cardiovascular Disease/Heart Attack and Stroke,"[Prologue] Following your stroke, did you go to any kind of outpatient rehabilitation? This is sometimes called ""rehab.""",1=Yes  2=No  7=DK/NS  9=Refused,,,
CVDASPRN,Cardiovascular Disease/Heart Attack and Stroke,[Prologue] Do you take aspirin daily or every other day?,1=Yes   2=No   7=DK/NS   9=Refused,,,
ASPUNSAF,Cardiovascular Disease/Heart Attack and Stroke,"[Prologue] Do you have a health problem or condition that makes taking aspirin unsafe for you? If ""Yes"" ask ""Is this a stomach condition?"" Code upset stomach as stomach problems.","1=Yes, not stomach related  2=Yes, stomach problems  3=No  7=DK/NS  9=Refused",,,
RLIVPAIN,Cardiovascular Health,Do you take aspirin to relieve pain?,1=Yes 2=No 7=DK/NS 9=Refused,,,
RDUCHART,Cardiovascular Health,Do you take aspirin to reduce the chance of a heart attack?,1=Yes 2=No 7=DK/NS 9=Refused,,,
RDUCSTRK,Cardiovascular Health,Do you take aspirin to reduce the chance of a stroke?,1=Yes 2=No 7=DK/NS 9=Refused,,,
ARTTODAY,Arthritis (Arthritis Management/Burden),"Earlier you indicated that you had arthritis or joint symptoms. Thinking about your arthritis or joint symptoms, which of the following best describes you today?",1=I can do everything I would like to do  2=I can do most things I would like to do  3=I can do some things I would like to do  4=I can hardly do anything I would like to do   7=DK/NS   9=Refused,,,
ARTHWGT,Arthritis (Arthritis Management/Burden),Has a doctor or other health professional EVER suggested losing weight to help your arthritis or joint symptoms?,1=Yes  2=No  7=DK/NS  9=Refused,,,
ARTHEXER,Arthritis (Arthritis Management/Burden),"Has a doctor or other health professional ever suggested physical activity or exercise to help your arthritis or joint symptoms? (Note: If the respondent is unclear about whether this means an increase or decrease in physical activity, this means increase.)",1=Yes  2=No  7=DK/NS  9=Refused,,,
ARTHEDU,Arthritis (Arthritis Management/Burden),Have you EVER taken an educational course or class to teach you how to manage problems related to your arthritis or joint symptoms?,1=Yes  2=No  7=DK/NS  9=Refused,,,
TETANUS,Immunization,"Since 2005, have you had a tetanus shot?","1=Yes, received Tdap 2=Yes, received tetanus shot, but not Tdap 3=Yes, received tetanus shot but not sure what type 4=No, did not receive any tetanus since 2005 7=DK/NS 9=Refused",,,
HPVADVC2,Adult Human Papilloma Virus (HPV),Have you ever had the HPV vaccination?,1=Yes 2=No 3=Doctor refused when asked 7=DK/NS 9=Refused,,,
HPVADSHT,Adult Human Papilloma Virus (HPV),How many HPV shots did you receive?,_ _=Number of shots  0 3=All shots  7 7=DK/NS  9 9=Refused,,,
SHINGLE2,Shingles,Have you ever had the shingles or zoster vaccine?,1=Yes 2=No 7=Don’t know/Not Sure 9=Refused,,,
HADMAM,Women's Health,[Prologue: The next questions are about breast and cervival cancer.] A mammogram is an x-ray of each breast to look for breast cancer. Have you ever had a mammogram?,1=Yes  2=No  7=DK/NS  9=Refused,,,
HOWLONG,Women's Health,[Prologue] How long has it been since you had your last mammogram?,1=Within the past year (anytime less than 12 months ago)  2=Within the past 2 years (1 year but less than 2 years ago)  3=Within the past 3 years (2 years but less than 3 years ago)  4=Within the past 5 years (3 years but less than 5 years ago)  5=5 or mo,,,
HADPAP2,Women's Health,[Prologue] A Pap test is a test for cancer of the cervix. Have you ever had a Pap test?,1=Yes  2=No  7=DK/NS  9=Refused,,,
LASTPAP2,Women's Health,[Prologue] How long has it been since you had your last Pap test?,1=Within the past year (anytime less than 12 months ago)  2=Within the past 2 years (1 year but less than 2 years ago)  3=Within the past 3 years (2 years but less than 3 years ago)  4=Within the past 5 years (3 years but less than 5 years ago)  5=5 or mo,,,
HPVTEST,Breast and Cervical Cancer Screening,An HPV test is sometimes given with the Pap test for cervical cancer screening. Have you ever had an HPV test?,1=Yes 2=No 7=Don’t know/Not Sure 9=Refused,,,
HPLSTTST,Breast and Cervical Cancer Screening,How long has it been since you had your last HPV test?,1=Within the past year (anytime less than 12 months ago) 2=Within the past 2 years (1 year but less than 2 years ago) 3=Within the past 3 years (2 years but less than 3 years ago) 4=Within the past 5 years (3 years but less than 5 years ago) 5=5 or more years ago 7=Don’t know/Not Sure 9=Refused,,,
HADHYST2,Women's Health,[Prologue] Have you had a hysterectomy?     A hysterectomy is an operation to remove the uterus (womb).,1=Yes  2=No  7=DK/NS  9=Refused,,,
PROFEXAM,Women's Health,"[Prologue] A clinical breast exam is when a doctor, nurse, or other health professional feels the breasts for lumps. Have you ever had a clinical breast exam?",1=Yes  2=No  7=DK/NS  9=Refused,,,
LENGEXAM,Women's Health,[Prologue] How long has it been since your last breast exam?,1=Within the past year (anytime less than 12 months ago)  2=Within the past 2 years (1 year but less than 2 years ago)  3=Within the past 3 years (2 years but less than 3 years ago)  4=Within the past 5 years (3 years but less than 5 years ago)  5=5 or mo,,,
BLDSTOOL,Colorectal Cancer Screening,A blood stool test is a test that may use a special kit at home to determine whether the stool contains blood.  Have you ever had this test using a home kit?,1=Yes  2=No  7=DK/NS  9=Refused,,,
LSTBLDS3,Colorectal Cancer Screening,How long has it been since you had your last blood stool test using a home kit? (Variable name change),1=Within the past year (anytime less than 12 months ago)  2=Within the past 2 years (1 year but less than 2 years ago)  3=Within the past 3 years (2 years but less than 3 years ago)  4=Within the past 5 years (3 years but less than 5 years ago)  5=5 or mo,,,
HADSIGM3,Colorectal Cancer Screening,Sigmoidoscopy and colonoscopy are exams in which a tube is inserted in the rectum to view the colon for signs of cancer or other health problems.  Have you ever had either of these exams?,1=Yes  2=No  7=DK/NS  9=Refused,,,
HADSGCO1,Colorectal Cancer Screening,"For a sigmoidoscopy, a flexible tube is inserted into the rectum to look for problems. A colonoscopy is similar, but uses a longer tube, and you are usually given medication through a needle in your arm to make you sleepy and told to have someone else drive you home after the test. Was your MOST RECENT examination called a sigmoidoscopy or a colonoscopy? (Variable name change)",1=Sigmoidoscopy  2=Colonoscopy  3=Something else  7=DK/NS  9=Refused,,,
LASTSIG3,Colorectal Cancer Screening,How long has it been since you had your last sigmoidoscopy or colonoscopy? (Variable name change),1=Within the past year (anytime less than 12 months ago)  2=Within the past 2 years (1 year but less than 2 years ago)  3=Within the past 3 years (2 years but less than 3 years ago)  4=Within the past 5 years (3 years but less than 5 years years ago)   5=,,,
PCPSAAD2,Prostate Cancer Screening,PCPSAAD2,1=Yes 2=No 7=DK/NS 9=Refused,,,
PCPSADI1,Prostate Cancer Screening,"Has a doctor, nurse, or other health professional EVER talked with you about the disadvantages of the PSA test?",1=Yes 2=No 7=DK/NS 9=Refused,,,
PCPSARE1,Prostate Cancer Screening,"Has a doctor, nurse, or other health professional EVER recommended that you have a PSA test?",1=Yes 2=No 7=DK/NS 9=Refused,,,
PSATEST1,Prostate Cancer Screening,Have you EVER HAD a PSA test?,1=Yes 2=No 7=DK/NS 9=Refused,,,
PSATIME,Prostate Cancer Screening,[Prologue] How long has it been since you had your last PSA test?,1=Within the past year (anytime less than 12 months ago)  2=Within the past 2 years (1 year but less than 2 years)  3=Within the past 3 years (2 years but less than 3 years)  4=Within the past 5 years (3 years but less than 5 years)  5=5 or more years ago,,,
PCPSARS1,Prostate Cancer Screening,What was the MAIN reason you had this PSA test – was it …?,1=Part of a routine exam 2=Because of a prostate problem 3=Because of a family history of prostate cancer 4=Because you were told you had prostate cancer 5=Some other reason 7=DK/NS 9=Refused,,,
PCPSADE1,Prostate Cancer Screening Decision Making Module,Which of the following best describes the decision to have the PSA test done?,"1=You made the decision alone 2=Your doctor, nurse, or health care provider made the decision alone 3=You and one or more other persons made the decision together 4=You don’t remember how the decision was made 9=Refused",,,
PCDMDECN,Prostate Cancer Screening Decision Making Module,Who made the decision with you? (Mark all that apply),1=Doctor/nurse/health care provider 2=Spouse/significant other 3=Other family member 4=Friend/non-relative 12-4328=Multiple responses 8=No additional choices 7=DK/NS 9=Refused,,,
SCNTMNY1,Social Context,How often in the past 12 months would you say you were worried or stressed about having enough money to pay your rent/mortgage? Would you say,1=Always 2=Usually 3=Sometimes 4=Rarely 5=Never 8=Not applicable 7=Don’t know/Not Sure 9=Refused,ML,,
SCNTMEL1,Social Context,How often in the past 12 months would you say you were worried or stressed about having enough money to buy nutritious meals? Would you say,1=Always 2=Usually 3=Sometimes 4=Rarely 5=Never 8=Not applicable 7=Don’t know/Not Sure 9=Refused,ML,,
SCNTPAID,Social Context,"[Prologue] At your main job or business, how are you generally paid for the work you do? Are you: (Note: If paid in multiple ways at their main job, select option 4 (Paid some other way.)","1=Paid by salary  2=Paid by the hour  3=Paid by the job/task (e.g., commission, piecework)  4=Paid some other way  7=DK/NS  9=Refused",,,
SCNTWRK1,Social Context,About how many hours do you work per week on all of your jobs and businesses combined?,1-96=Hours (1-96 or more) 97=DK/NS 98=Zero (none) 99=Refused,,,
SCNTLPAD,Social Context,"[Prologue] Thinking about the last time you worked, at your main job or business, how were you generally paid for the work you do? Were you:","1=Paid by salary  2=Paid by the hour  3=Paid by the job/task (e.g., commission, piecework)  4=Paid some other way  7=DK/NS  9=Refused",ML,,
SCNTLWK1,Social Context,"Thinking about the last time you worked, about how many hours did you work per week at all of your jobs and businesses combined?",1-96=Hours (1-96 or more) 97=DK/NS 98=Zero (none) 99=Refused,,,
SXORIENT,Sexual Orientation and Gender Identity,Do you consider yourself to be:,1=Straight 2=Lesbian or gay 3=Bisexual 4=Other 7=Don’t know/Not Sure 9=Refused,ML,,
TRNSGNDR,Sexual Orientation and Gender Identity,Do you consider yourself to be transgender?,"1=Yes, Transgender, male-to-female 2=Yes, Transgender, female to male 3=Yes, Transgender, gender nonconforming 4=No 7=Don’t know/Not Sure 9=Refused",ML,,
RCSGENDR,Random Child Selection,[Prologue] Is the child a boy or girl?,1=Boy  2=Girl  9=Refused,,,
RCSRLTN2,Random Child Selection,[Prologue] How are you related to the child? (Variable name change),"1=Parent (include biologic, step, or adoptive parent)  2=Grandparent  3=Foster parent or guardian   4=Sibling (include biologic, step, and adoptive sibling)  5=Other relative  6=Not related in any way  7=DK/NS  9=Refused",,,
CASTHDX2,Childhood Asthma Prevalence,"[Prologue: Now, I would like to ask you about the ""Xth"" (CATI: please fill in correct number) child.] Has a doctor, nurse or other health professional EVER said that the child has asthma?",1=Yes  2=No  7=DK/NS  9=Refused,,,
CASTHNO2,Childhood Asthma Prevalence,[Prologue] Does the child still have asthma?,1=Yes  2=No  7=DK/NS  9=Refused,,,
EMTSUPRT,Emotional Support and Life Satisfaction,"[Prologue: The next two questions are about emotional support and your satisfaction with life.] How often do you get the social and emotional support you need? (Note: If asked, say ""please include support from any source."")",1=Always  2=Usually  3=Sometimes  4=Rarely  5=Never  7=DK/NS  9=Refused,ML,,
LSATISFY,Emotional Support and Life Satisfaction,"[Prologue] In general, how satisfied are you with your life?",1=Very satisfied  2=Satisfied  3=Dissatisfied  4=Very satisfied  7=DK/NS  9=Refused,ML,,
ADPLEASR,Anxiety and Depression,"[Prologue: Now, I am going to ask you some questions about your mood. When answering these questions, please think about how many days each of the following has occurred in the past 2 weeks.] Over the last 2 weeks, how many days have you had little interest or pleasure in doing things?",_ _=01-14 days  8 8=None  7 7=DK/NS  9 9=Refused,ML,values missing / >400K,
ADDOWN,Anxiety and Depression,"[Prologue] Over the last 2 weeks, how many days have you felt down, depressed or hopeless?",_ _=01-14 days  8 8=None  7 7=DK/NS  9 9=Refused,ML,values missing / >400K,
ADSLEEP,Anxiety and Depression,"[Prologue] Over the last 2 weeks, how many days have you had trouble falling asleep or staying asleep or sleeping too much?",_ _=01-14 days  8 8=None  7 7=DK/NS  9 9=Refused,ML,values missing / >400K,
ADENERGY,Anxiety and Depression,"[Prologue] Over the last 2 weeks, how many days have you felt tired or had little energy?",_ _=01-14 days  8 8=None  7 7=DK/NS  9 9=Refused,ML,values missing / >400K,
ADEAT1,Anxiety and Depression,"[Prologue] Over the last 2 weeks, how many days have you had a poor appetite or eaten too much? (Variable name change)",_ _=01-14 days  8 8=None  7 7=DK/NS  9 9=Refused,ML,values missing / >400K,
ADFAIL,Anxiety and Depression,"[Prologue] Over the last 2 weeks, how many days have you felt bad about yourself or that you were a failure or had let yourself or your family down?",_ _=01-14 days  8 8=None  7 7=DK/NS  9 9=Refused,ML,values missing / >400K,
ADTHINK,Anxiety and Depression,"[Prologue] Over the last 2 weeks, how many days have you had trouble concentrating on things, such as reading the newspaper or watching the TV?",_ _=01-14 days  8 8=None  7 7=DK/NS  9 9=Refused,ML,values missing / >400K,
ADMOVE,Anxiety and Depression,"[Prologue] Over the last 2 weeks, how many days have you moved or spoken so slowly that other people could have noticed? Or the opposite--being so fidgety or restless that you were moving around a lot more than usual?",_ _=01-14 days  8 8=None  7 7=DK/NS  9 9=Refused,ML,values missing / >400K,
MISTMNT,Mental Illness and Stigma,[Prologue] Are you now taking medicine or receiving treatment from a doctor or other health professional for any type of mental health condition or emotional problem?,1=Yes  2=No  7=DK/NS  9=Refused,ML,values missing / >400K,
ADANXEV,Anxiety and Depression,"[Prologue] Has a doctor or other healthcare provider EVER told you that you had an anxiety disorder (including acute stress disorder, anxiety, generalized anxiety disorder, obsessive-compulsive disorder, panic disorder, phobia, posttraumatic stress disorder, or social anxiety disorder)?",1=Yes  2=No  7=DK/NS  9=Refused,,values missing / >400K,
QSTVER,#N/A,#N/A,#N/A,,,
QSTLANG,#N/A,#N/A,#N/A,,,
EXACTOT1,Exercise (Physical Activity),First Activity Other response description,HIDDEN=Data not displayed,,,
EXACTOT2,Exercise (Physical Activity),Second Activity Other response description,HIDDEN=Data not displayed,,,
MSCODE,Demographics,Metropolitan Status Code,#N/A,D/ML,,
_STSTR,#N/A,#N/A,#N/A,,,
_STRWT,#N/A,#N/A,#N/A,,,
_RAWRAKE,#N/A,#N/A,#N/A,,,
_WT2RAKE,#N/A,#N/A,#N/A,,,
_CHISPNC,#N/A,#N/A,#N/A,,,
_CRACE1,#N/A,#N/A,#N/A,,,
_CPRACE,#N/A,#N/A,#N/A,,,
_CLLCPWT,#N/A,#N/A,#N/A,,,
_DUALUSE,#N/A,#N/A,#N/A,,,
_DUALCOR,#N/A,#N/A,#N/A,,,
_LLCPWT,#N/A,#N/A,#N/A,,,
_RFHLTH,Adults with good or better health,Calculated Vbles,"1= Good better health , 2 = Poor Health",,Remove Missing 9,
_HCVU651,health Coverage,Calculated Vbles,1= health Coverage 2 = No Coverage,,,
_RFHYPE5,HighBlood Pressure,"Adults who have been told they have high blood pressure by a doctor, nurse, or other health professional","Value Value Label Frequency Percentage Weighted Percentage 1 No Notes: BPHIGH4 = 2 or 3 or 4 261,901 59.33 67.78 2 Yes Notes: BPHIGH4 = 1 178,188 40.36 31.90 9 Don’t know/Not Sure/Refused/Missing Notes: BPHIGH4 = 7 or 9 or Missing 1,367 0.31 0.31",,,
_CHOLCHK,High Cholesterol,"Adults who have had their cholesterol checked and have been told by a doctor, nurse, or other health professional that it was high",1 = No  Notes: BLOODCHO=1 and TOLDHI2 = 2,,,
_RFCHOL,#N/A,#N/A,#N/A,,,
_MICHD,#N/A,#N/A,#N/A,,,
_LTASTH1,#N/A,#N/A,#N/A,,,
_CASTHM1,#N/A,#N/A,#N/A,,,
_ASTHMS1,#N/A,#N/A,#N/A,,,
_DRDXAR1,#N/A,#N/A,#N/A,,,
_PRACE1,#N/A,#N/A,#N/A,,,
_MRACE1,#N/A,#N/A,#N/A,,,
_HISPANC,#N/A,#N/A,#N/A,,,
_RACE,#N/A,#N/A,#N/A,,,
_RACEG21,#N/A,#N/A,#N/A,,,
_RACEGR3,#N/A,#N/A,#N/A,,,
_RACE_G1,#N/A,#N/A,#N/A,,,
_AGEG5YR,#N/A,#N/A,#N/A,,,
_AGE65YR,#N/A,#N/A,#N/A,,,
_AGE80,#N/A,#N/A,#N/A,,,
_AGE_G,#N/A,#N/A,#N/A,,,
HTIN4,#N/A,#N/A,#N/A,,,
HTM4,#N/A,#N/A,#N/A,,,
WTKG3,#N/A,#N/A,#N/A,,,
_BMI5,#N/A,#N/A,#N/A,,,
_BMI5CAT,#N/A,#N/A,#N/A,,,
_RFBMI5,#N/A,#N/A,#N/A,,,
_CHLDCNT,#N/A,#N/A,#N/A,,,
_EDUCAG,#N/A,#N/A,#N/A,,,
_INCOMG,#N/A,#N/A,#N/A,,,
_SMOKER3,#N/A,#N/A,#N/A,,,
_RFSMOK3,#N/A,#N/A,#N/A,,,
DRNKANY5,#N/A,#N/A,#N/A,,,
DROCDY3_,#N/A,#N/A,#N/A,,,
_RFBING5,#N/A,#N/A,#N/A,,,
_DRNKWEK,#N/A,#N/A,#N/A,,,
_RFDRHV5,#N/A,#N/A,#N/A,,,
FTJUDA1_,#N/A,#N/A,#N/A,,,
FRUTDA1_,#N/A,#N/A,#N/A,,,
BEANDAY_,#N/A,#N/A,#N/A,,,
GRENDAY_,#N/A,#N/A,#N/A,,,
ORNGDAY_,#N/A,#N/A,#N/A,,,
VEGEDA1_,#N/A,#N/A,#N/A,,,
_MISFRTN,#N/A,#N/A,#N/A,,,
_MISVEGN,#N/A,#N/A,#N/A,,,
_FRTRESP,#N/A,#N/A,#N/A,,,
_VEGRESP,#N/A,#N/A,#N/A,,,
_FRUTSUM,#N/A,#N/A,#N/A,,,
_VEGESUM,#N/A,#N/A,#N/A,,,
_FRTLT1,#N/A,#N/A,#N/A,,,
_VEGLT1,#N/A,#N/A,#N/A,,,
_FRT16,#N/A,#N/A,#N/A,,,
_VEG23,#N/A,#N/A,#N/A,,,
_FRUITEX,#N/A,#N/A,#N/A,,,
_VEGETEX,#N/A,#N/A,#N/A,,,
_TOTINDA,#N/A,#N/A,#N/A,,,
METVL11_,#N/A,#N/A,#N/A,,,
METVL21_,#N/A,#N/A,#N/A,,,
MAXVO2_,#N/A,#N/A,#N/A,,,
FC60_,#N/A,#N/A,#N/A,,,
ACTIN11_,#N/A,#N/A,#N/A,,,
ACTIN21_,#N/A,#N/A,#N/A,,,
PADUR1_,#N/A,#N/A,#N/A,,,
PADUR2_,#N/A,#N/A,#N/A,,,
PAFREQ1_,#N/A,#N/A,#N/A,,,
PAFREQ2_,#N/A,#N/A,#N/A,,,
_MINAC11,#N/A,#N/A,#N/A,,,
_MINAC21,#N/A,#N/A,#N/A,,,
STRFREQ_,#N/A,#N/A,#N/A,,,
PAMISS1_,#N/A,#N/A,#N/A,,,
PAMIN11_,#N/A,#N/A,#N/A,,,
PAMIN21_,#N/A,#N/A,#N/A,,,
PA1MIN_,#N/A,#N/A,#N/A,,,
PAVIG11_,#N/A,#N/A,#N/A,,,
PAVIG21_,#N/A,#N/A,#N/A,,,
PA1VIGM_,#N/A,#N/A,#N/A,,,
_PACAT1,#N/A,#N/A,#N/A,,,
_PAINDX1,#N/A,#N/A,#N/A,,,
_PA150R2,#N/A,#N/A,#N/A,,,
_PA300R2,#N/A,#N/A,#N/A,,,
_PA30021,#N/A,#N/A,#N/A,,,
_PASTRNG,#N/A,#N/A,#N/A,,,
_PAREC1,#N/A,#N/A,#N/A,,,
_PASTAE1,#N/A,#N/A,#N/A,,,
_LMTACT1,#N/A,#N/A,#N/A,,,
_LMTWRK1,#N/A,#N/A,#N/A,,,
_LMTSCL1,#N/A,#N/A,#N/A,,,
_RFSEAT2,#N/A,#N/A,#N/A,,,
_RFSEAT3,#N/A,#N/A,#N/A,,,
_FLSHOT6,#N/A,#N/A,#N/A,,,
_PNEUMO2,#N/A,#N/A,#N/A,,,
_AIDTST3,#N/A,#N/A,#N/A,,,